idx,name_kor,location,category,tel,verdict,place_id,place_name,place_addr,place_tel,place_cat,naver_url,search_fallback_url
1,몽고네,신사동,Italian,02-540-0680,HIGH,37936761,몽고네,서울 강남구 선릉로155길 5 1층,02-540-0680,이탈리아음식,https://m.place.naver.com/restaurant/37936761/home,https://m.search.naver.com/search.naver?query=%EB%AA%BD%EA%B3%A0%EB%84%A4%20%EC%8B%A0%EC%82%AC%EB%8F%99
2,라모라,서초동,Italian,02-595-3997,HIGH,38338627,라모라,서울 서초구 동광로39길 50 2층 라모라,02-595-3997,이탈리아음식,https://m.place.naver.com/restaurant/38338627/home,https://m.search.naver.com/search.naver?query=%EB%9D%BC%EB%AA%A8%EB%9D%BC%20%EC%84%9C%EC%B4%88%EB%8F%99
3,미피아체,청담동,Italian,02-516-6317,HIGH,11679313,미 피아체,서울 강남구 도산대로70길 34 1층,02-516-6317,이탈리아음식,https://m.place.naver.com/restaurant/11679313/home,https://m.search.naver.com/search.naver?query=%EB%AF%B8%ED%94%BC%EC%95%84%EC%B2%B4%20%EC%B2%AD%EB%8B%B4%EB%8F%99
4,쿠촐로 테라짜,청담동,Italian,010-3347-1571,HIGH,1942871806,쿠촐로 테라짜,서울 강남구 선릉로152길 33,,이탈리아음식,https://m.place.naver.com/restaurant/1942871806/home,https://m.search.naver.com/search.naver?query=%EC%BF%A0%EC%B4%90%EB%A1%9C%20%ED%85%8C%EB%9D%BC%EC%A7%9C%20%EC%B2%AD%EB%8B%B4%EB%8F%99
5,알라 프라마 ,논현동,Italian,02-511-2555,NO_MATCH,,,,,,,https://m.search.naver.com/search.naver?query=%EC%95%8C%EB%9D%BC%20%ED%94%84%EB%9D%BC%EB%A7%88%20%EB%85%BC%ED%98%84%EB%8F%99
6,티톨로,청담동,Italian,02-6205-9998,HIGH,1026322145,티톨로,서울 강남구 선릉로162길 27-3 1층 티톨로,0507-1300-0005,이탈리아음식,https://m.place.naver.com/restaurant/1026322145/home,https://m.search.naver.com/search.naver?query=%ED%8B%B0%ED%86%A8%EB%A1%9C%20%EC%B2%AD%EB%8B%B4%EB%8F%99
7,톡톡,청담동,Italian,02-542-3030,HIGH,32224068,톡톡,서울 강남구 학동로97길 41 리유빌딩 3층,0507-1478-3030,양식,https://m.place.naver.com/restaurant/32224068/home,https://m.search.naver.com/search.naver?query=%ED%86%A1%ED%86%A1%20%EC%B2%AD%EB%8B%B4%EB%8F%99
8,시고로,청담동,Italian,02-6489-3338,HIGH,1738395785,시고로,서울 강남구 선릉로146길 27-3 2층,0507-1382-3346,양식,https://m.place.naver.com/restaurant/1738395785/home,https://m.search.naver.com/search.naver?query=%EC%8B%9C%EA%B3%A0%EB%A1%9C%20%EC%B2%AD%EB%8B%B4%EB%8F%99
9,보르고 한남,한남동,Italian,02-6082-2727,HIGH,1234246015,보르고한남,서울 용산구 이태원로54길 31 3층 보르고한남,02-6082-2727,이탈리아음식,https://m.place.naver.com/restaurant/1234246015/home,https://m.search.naver.com/search.naver?query=%EB%B3%B4%EB%A5%B4%EA%B3%A0%20%ED%95%9C%EB%82%A8%20%ED%95%9C%EB%82%A8%EB%8F%99
10,브레라,신당동,Italian,02-2236-0770,HIGH,36513384,브레라,서울 중구 동호로17길 295 대명빌딩2층,02-2236-0770,이탈리아음식,https://m.place.naver.com/restaurant/36513384/home,https://m.search.naver.com/search.naver?query=%EB%B8%8C%EB%A0%88%EB%9D%BC%20%EC%8B%A0%EB%8B%B9%EB%8F%99
11,꼰떼넨떼,분당,Italian,031-718-2777,MEDIUM,1776719057,꼰떼넨떼,경기 성남시 분당구 정자일로 220 동양파라곤 2단지 101호,0507-1465-2779,이탈리아음식,,https://m.search.naver.com/search.naver?query=%EA%BC%B0%EB%96%BC%EB%84%A8%EB%96%BC%20%EB%B6%84%EB%8B%B9
12,바위파스타바,한남동,Italian,010-2743-1496,HIGH,2000406990,바위파스타바,서울 용산구 이태원로54길 16-9 지하 1층,070-8691-4275,양식,https://m.place.naver.com/restaurant/2000406990/home,https://m.search.naver.com/search.naver?query=%EB%B0%94%EC%9C%84%ED%8C%8C%EC%8A%A4%ED%83%80%EB%B0%94%20%ED%95%9C%EB%82%A8%EB%8F%99
13,페리지,삼성동,Italian,02-6550-8912,HIGH,1166721504,페리지,서울 강남구 봉은사로68길 6-5 1층,,양식,https://m.place.naver.com/restaurant/1166721504/home,https://m.search.naver.com/search.naver?query=%ED%8E%98%EB%A6%AC%EC%A7%80%20%EC%82%BC%EC%84%B1%EB%8F%99
14,페코리노,청담동,Italian,010-5732-3419,HIGH,1257710414,페코리노,서울 강남구 도산대로68길 18 1층,0507-1421-3517,이탈리아음식,https://m.place.naver.com/restaurant/1257710414/home,https://m.search.naver.com/search.naver?query=%ED%8E%98%EC%BD%94%EB%A6%AC%EB%85%B8%20%EC%B2%AD%EB%8B%B4%EB%8F%99
15,커먼맨션,종로구,Italian,02-735-5345,HIGH,1391429453,커먼맨션,서울 종로구 경희궁길 36 204호,0507-1368-5345,양식,https://m.place.naver.com/restaurant/1391429453/home,https://m.search.naver.com/search.naver?query=%EC%BB%A4%EB%A8%BC%EB%A7%A8%EC%85%98%20%EC%A2%85%EB%A1%9C%EA%B5%AC
16,가드너 아드리아 ,압구정동,Italian,02-549-4698,HIGH,47916461,가드너 아드리아,서울 강남구 압구정로46길 73 1층,02-549-4698,이탈리아음식,https://m.place.naver.com/restaurant/47916461/home,https://m.search.naver.com/search.naver?query=%EA%B0%80%EB%93%9C%EB%84%88%20%EC%95%84%EB%93%9C%EB%A6%AC%EC%95%84%20%EC%95%95%EA%B5%AC%EC%A0%95%EB%8F%99
17,오만지아,한남동,Italian,02-749-2900,HIGH,37806837,오만지아,서울 용산구 유엔빌리지길 14 B1 O MANGIA,02-749-2900,이탈리아음식,https://m.place.naver.com/restaurant/37806837/home,https://m.search.naver.com/search.naver?query=%EC%98%A4%EB%A7%8C%EC%A7%80%EC%95%84%20%ED%95%9C%EB%82%A8%EB%8F%99
18,오스테리아 오르조,한남동,Italian,010-6361-0801,HIGH,1229610281,오스테리아 오르조,서울 용산구 한남대로20길 47,,양식,https://m.place.naver.com/restaurant/1229610281/home,https://m.search.naver.com/search.naver?query=%EC%98%A4%EC%8A%A4%ED%85%8C%EB%A6%AC%EC%95%84%20%EC%98%A4%EB%A5%B4%EC%A1%B0%20%ED%95%9C%EB%82%A8%EB%8F%99
19,마리또에몰리에,한남동,Italian,02-797-7970,HIGH,33877315,마리또에몰리에,서울 용산구 한남대로18길 27,02-797-7970,이탈리아음식,https://m.place.naver.com/restaurant/33877315/home,https://m.search.naver.com/search.naver?query=%EB%A7%88%EB%A6%AC%EB%98%90%EC%97%90%EB%AA%B0%EB%A6%AC%EC%97%90%20%ED%95%9C%EB%82%A8%EB%8F%99
20,메종 한남,한남동,Italian/Steak,0507-1357-1289,HIGH,1973356331,메종 한남,서울 용산구 유엔빌리지3길 24 메종한남(한남집),0507-1357-1289,양식,https://m.place.naver.com/restaurant/1973356331/home,https://m.search.naver.com/search.naver?query=%EB%A9%94%EC%A2%85%20%ED%95%9C%EB%82%A8%20%ED%95%9C%EB%82%A8%EB%8F%99
21,볼리치네,한남동,Italian,02-794-9770,NO_MATCH,,,,,,,https://m.search.naver.com/search.naver?query=%EB%B3%BC%EB%A6%AC%EC%B9%98%EB%84%A4%20%ED%95%9C%EB%82%A8%EB%8F%99
22,라쿠치나,용산구,Italian,02-794-6006,HIGH,11700873,라쿠치나,서울 용산구 회나무로44길 10,02-794-6006,이탈리아음식,https://m.place.naver.com/restaurant/11700873/home,https://m.search.naver.com/search.naver?query=%EB%9D%BC%EC%BF%A0%EC%B9%98%EB%82%98%20%EC%9A%A9%EC%82%B0%EA%B5%AC
23,우오보,도곡동,Italian,02-573-7988,HIGH,1844287681,우오보 레스토랑,서울 강남구 논현로26길 8 1층,02-573-7988,이탈리아음식,https://m.place.naver.com/restaurant/1844287681/home,https://m.search.naver.com/search.naver?query=%EC%9A%B0%EC%98%A4%EB%B3%B4%20%EB%8F%84%EA%B3%A1%EB%8F%99
24,리알토,청담동,Italian,02-544-4761,HIGH,1156248167,리알토,서울 강남구 삼성로149길 13 2층,02-544-4761,이탈리아음식,https://m.place.naver.com/restaurant/1156248167/home,https://m.search.naver.com/search.naver?query=%EB%A6%AC%EC%95%8C%ED%86%A0%20%EC%B2%AD%EB%8B%B4%EB%8F%99
25,도우룸,방배동,Italian,02-535-9386,HIGH,37351441,도우룸,서울 서초구 동광로 99 2층,02-535-9386,이탈리아음식,https://m.place.naver.com/restaurant/37351441/home,https://m.search.naver.com/search.naver?query=%EB%8F%84%EC%9A%B0%EB%A3%B8%20%EB%B0%A9%EB%B0%B0%EB%8F%99
26,에그앤 플라워,남영동,Italian,02-3789-7681,MEDIUM,1937120968,에그앤플라워,서울 용산구 신흥로26길 35 2층,0507-1328-7681,"스파게티,파스타전문",,https://m.search.naver.com/search.naver?query=%EC%97%90%EA%B7%B8%EC%95%A4%20%ED%94%8C%EB%9D%BC%EC%9B%8C%20%EB%82%A8%EC%98%81%EB%8F%99
27,볼라레,서초동,Italian,02-537-1100,HIGH,19867370,볼라레,서울 서초구 사평대로20길 8 성훈빌딩,02-537-1100,이탈리아음식,https://m.place.naver.com/restaurant/19867370/home,https://m.search.naver.com/search.naver?query=%EB%B3%BC%EB%9D%BC%EB%A0%88%20%EC%84%9C%EC%B4%88%EB%8F%99
28,빠넬로,합정동,Italian,010-3460-9899,MEDIUM,33707338,빠넬로,서울 마포구 어울마당로5길 29,,이탈리아음식,,https://m.search.naver.com/search.naver?query=%EB%B9%A0%EB%84%AC%EB%A1%9C%20%ED%95%A9%EC%A0%95%EB%8F%99
29,포노부오노,압구정동,Italian,0507-1361-4501,MEDIUM,1283188906,포노 부오노,서울 강남구 도산대로45길 8-7 2층,0507-1361-4501,양식,,https://m.search.naver.com/search.naver?query=%ED%8F%AC%EB%85%B8%EB%B6%80%EC%98%A4%EB%85%B8%20%EC%95%95%EA%B5%AC%EC%A0%95%EB%8F%99
30,페르멘토 한남,한남동,Italian,02-797-6330,HIGH,2083987647,페르멘토 한남,서울 용산구 한남대로20길 47-26 1층,0507-1438-6330,이탈리아음식,https://m.place.naver.com/restaurant/2083987647/home,https://m.search.naver.com/search.naver?query=%ED%8E%98%EB%A5%B4%EB%A9%98%ED%86%A0%20%ED%95%9C%EB%82%A8%20%ED%95%9C%EB%82%A8%EB%8F%99
31,라틀리에 드 오로조 ,한남동,Italian,050-71309-7617,NO_MATCH,,,,,,,https://m.search.naver.com/search.naver?query=%EB%9D%BC%ED%8B%80%EB%A6%AC%EC%97%90%20%EB%93%9C%20%EC%98%A4%EB%A1%9C%EC%A1%B0%20%ED%95%9C%EB%82%A8%EB%8F%99
32,부자피자 1호점,한남동,Pizza,02-794-9474,HIGH,35142937,부자피자 1호점,서울 용산구 이태원로55가길 28,02-794-9474,피자,https://m.place.naver.com/restaurant/35142937/home,https://m.search.naver.com/search.naver?query=%EB%B6%80%EC%9E%90%ED%94%BC%EC%9E%90%201%ED%98%B8%EC%A0%90%20%ED%95%9C%EB%82%A8%EB%8F%99
33,더 루프,한남동,Italian,02-790-2200,HIGH,2004676274,더 루프,서울 용산구 독서당로35길 4 4층,02-790-2200,양식,https://m.place.naver.com/restaurant/2004676274/home,https://m.search.naver.com/search.naver?query=%EB%8D%94%20%EB%A3%A8%ED%94%84%20%ED%95%9C%EB%82%A8%EB%8F%99
34,뻬를라,압구정동,Italian,0507-1306-6330,HIGH,1029529293,뻬를라,서울 강남구 도산대로55길 43 1층,0507-1306-6330,양식,https://m.place.naver.com/restaurant/1029529293/home,https://m.search.naver.com/search.naver?query=%EB%BB%AC%EB%A5%BC%EB%9D%BC%20%EC%95%95%EA%B5%AC%EC%A0%95%EB%8F%99
37,더 화이트,상일동,French,02-2140-0119,HIGH,1300745536,RELA,서울 강동구 상일로6길 67 세스코 맴버스 시티 10층,02-2140-0119,프랑스음식,https://m.place.naver.com/restaurant/1300745536/home,https://m.search.naver.com/search.naver?query=%EB%8D%94%20%ED%99%94%EC%9D%B4%ED%8A%B8%20%EC%83%81%EC%9D%BC%EB%8F%99
38,레스쁘아,청담동,French,02-517-6034,HIGH,13400580,레스쁘아,서울 강남구 도산대로56길 10 2층 레스쁘아,02-517-6034,프랑스음식,https://m.place.naver.com/restaurant/13400580/home,https://m.search.naver.com/search.naver?query=%EB%A0%88%EC%8A%A4%EC%81%98%EC%95%84%20%EC%B2%AD%EB%8B%B4%EB%8F%99
39,비스트로 욘트빌,청담동,French,02-541-1550,MEDIUM,13201580,BISTROT de YOUNTVILLE,서울 강남구 선릉로158길 13-7 이안빌딩 1층,0507-1448-1552,프랑스음식,,https://m.search.naver.com/search.naver?query=%EB%B9%84%EC%8A%A4%ED%8A%B8%EB%A1%9C%20%EC%9A%98%ED%8A%B8%EB%B9%8C%20%EC%B2%AD%EB%8B%B4%EB%8F%99
40,라미띠에,신사동,French,02-546-9621,HIGH,11678575,라미띠에,서울 강남구 도산대로67길 30 2층,02-546-9621,프랑스음식,https://m.place.naver.com/restaurant/11678575/home,https://m.search.naver.com/search.naver?query=%EB%9D%BC%EB%AF%B8%EB%9D%A0%EC%97%90%20%EC%8B%A0%EC%82%AC%EB%8F%99
41,스와니예,신사동,French,02-3477-9386,HIGH,33979993,스와니예,서울 강남구 강남대로 652 신사스퀘어 2층,02-3477-9386,양식,https://m.place.naver.com/restaurant/33979993/home,https://m.search.naver.com/search.naver?query=%EC%8A%A4%EC%99%80%EB%8B%88%EC%98%88%20%EC%8B%A0%EC%82%AC%EB%8F%99
42,라망시크레,회현동,French,02-317-4003,HIGH,1282957326,레스케이프 라망 시크레,서울 중구 퇴계로 67 레스케이프 호텔 26층,02-317-4003,양식,https://m.place.naver.com/restaurant/1282957326/home,https://m.search.naver.com/search.naver?query=%EB%9D%BC%EB%A7%9D%EC%8B%9C%ED%81%AC%EB%A0%88%20%ED%9A%8C%ED%98%84%EB%8F%99
43,덱스터,청담동,French,02-540-4761,HIGH,1756361063,레스토랑 덱스터,서울 강남구 삼성로149길 13 지하1층,02-540-4761,프랑스음식,https://m.place.naver.com/restaurant/1756361063/home,https://m.search.naver.com/search.naver?query=%EB%8D%B1%EC%8A%A4%ED%84%B0%20%EC%B2%AD%EB%8B%B4%EB%8F%99
44,르쉐프블루,충정로,French,02-6010-8088,MEDIUM,36435155,르 셰프 블루,"서울 중구 청파로 435-10 1,2층",02-6010-8088,프랑스음식,,https://m.search.naver.com/search.naver?query=%EB%A5%B4%EC%89%90%ED%94%84%EB%B8%94%EB%A3%A8%20%EC%B6%A9%EC%A0%95%EB%A1%9C
45,셰 로랑,이태원,French,02-3785-3211,NO_MATCH,,,,,,,https://m.search.naver.com/search.naver?query=%EC%85%B0%20%EB%A1%9C%EB%9E%91%20%EC%9D%B4%ED%83%9C%EC%9B%90
46,부베트,압구정동,French,02-3442-7858,MEDIUM,1790431579,부베트,서울 강남구 논현로 854 안다즈 서울 강남 상업시설 건물 1층,02-3442-7859,프랑스음식,,https://m.search.naver.com/search.naver?query=%EB%B6%80%EB%B2%A0%ED%8A%B8%20%EC%95%95%EA%B5%AC%EC%A0%95%EB%8F%99
47,이스트,압구정동,French,070-8855-0470,HIGH,1537149269,이스트,서울 강남구 언주로170길 26-6 3층,070-8855-0470,양식,https://m.place.naver.com/restaurant/1537149269/home,https://m.search.naver.com/search.naver?query=%EC%9D%B4%EC%8A%A4%ED%8A%B8%20%EC%95%95%EA%B5%AC%EC%A0%95%EB%8F%99
48,렁팡스,종로구,French,02-722-8053,HIGH,1007557030,렁팡스,서울 종로구 경희궁길 36 3층,0507-1355-8053,프랑스음식,https://m.place.naver.com/restaurant/1007557030/home,https://m.search.naver.com/search.naver?query=%EB%A0%81%ED%8C%A1%EC%8A%A4%20%EC%A2%85%EB%A1%9C%EA%B5%AC
49,꼼모아 해방촌,용산구,French,02-6217-5252,NO_MATCH,,,,,,,https://m.search.naver.com/search.naver?query=%EA%BC%BC%EB%AA%A8%EC%95%84%20%ED%95%B4%EB%B0%A9%EC%B4%8C%20%EC%9A%A9%EC%82%B0%EA%B5%AC
50,꼼모아 청담동,청담동,French,02-6958-5330,NO_MATCH,,,,,,,https://m.search.naver.com/search.naver?query=%EA%BC%BC%EB%AA%A8%EC%95%84%20%EC%B2%AD%EB%8B%B4%EB%8F%99%20%EC%B2%AD%EB%8B%B4%EB%8F%99
51,알레즈,한남동,French,070-8868-1686,HIGH,1796412110,알레즈,서울 용산구 독서당로 89,0507-1389-1686,프랑스음식,https://m.place.naver.com/restaurant/1796412110/home,https://m.search.naver.com/search.naver?query=%EC%95%8C%EB%A0%88%EC%A6%88%20%ED%95%9C%EB%82%A8%EB%8F%99
52,디템포레,한남동,French,0507-1329-6359,HIGH,1567679921,디템포레,서울 용산구 한남대로 37 1층,0507-1329-6359,양식,https://m.place.naver.com/restaurant/1567679921/home,https://m.search.naver.com/search.naver?query=%EB%94%94%ED%85%9C%ED%8F%AC%EB%A0%88%20%ED%95%9C%EB%82%A8%EB%8F%99
53,매튜,성수동,French,02-465-9125,HIGH,1720100935,매튜,서울 성동구 뚝섬로15길 31 1층,0507-1394-9125,프랑스음식,https://m.place.naver.com/restaurant/1720100935/home,https://m.search.naver.com/search.naver?query=%EB%A7%A4%ED%8A%9C%20%EC%84%B1%EC%88%98%EB%8F%99
54,뮤땅,한남동,French,070-7776-3052,HIGH,1986068081,뮤땅,서울 용산구 대사관로12길 4-2 2층,070-7776-3052,프랑스음식,https://m.place.naver.com/restaurant/1986068081/home,https://m.search.naver.com/search.naver?query=%EB%AE%A4%EB%95%85%20%ED%95%9C%EB%82%A8%EB%8F%99
55,강민철 레스토랑,청담동,French,02-545-2511,HIGH,1760525579,강민철 레스토랑,서울 강남구 도산대로63길 18 5층,0507-1387-2511,양식,https://m.place.naver.com/restaurant/1760525579/home,https://m.search.naver.com/search.naver?query=%EA%B0%95%EB%AF%BC%EC%B2%A0%20%EB%A0%88%EC%8A%A4%ED%86%A0%EB%9E%91%20%EC%B2%AD%EB%8B%B4%EB%8F%99
56,라뽀드,논현동,French,02-6205-9731,NO_MATCH,,,,,,,https://m.search.naver.com/search.naver?query=%EB%9D%BC%EB%BD%80%EB%93%9C%20%EB%85%BC%ED%98%84%EB%8F%99
57,무오키,청담동,French,010-2948-4171,HIGH,1297540314,MUOKI,서울 강남구 학동로55길 12-12 2층 무오키,0507-1394-4171,프랑스음식,https://m.place.naver.com/restaurant/1297540314/home,https://m.search.naver.com/search.naver?query=%EB%AC%B4%EC%98%A4%ED%82%A4%20%EC%B2%AD%EB%8B%B4%EB%8F%99
58,오니바,청담동,French,02-516-3352,MEDIUM,1857544000,Onyva,서울 강남구 도산대로75길 15 B1층,0507-1391-3491,프랑스음식,,https://m.search.naver.com/search.naver?query=%EC%98%A4%EB%8B%88%EB%B0%94%20%EC%B2%AD%EB%8B%B4%EB%8F%99
59,레스토랑 알렌,역삼동,French,02-6985-7214,HIGH,1757111290,레스토랑 알렌,서울 강남구 테헤란로 231 EAST 2층 E205호,02-6985-7214,프랑스음식,https://m.place.naver.com/restaurant/1757111290/home,https://m.search.naver.com/search.naver?query=%EB%A0%88%EC%8A%A4%ED%86%A0%EB%9E%91%20%EC%95%8C%EB%A0%8C%20%EC%97%AD%EC%82%BC%EB%8F%99
60,류니끄,신사동,French,02-546-9279,HIGH,20543273,류니끄,"서울 강남구 도산대로45길 8-1 1, 2층",02-546-9279,양식,https://m.place.naver.com/restaurant/20543273/home,https://m.search.naver.com/search.naver?query=%EB%A5%98%EB%8B%88%EB%81%84%20%EC%8B%A0%EC%82%AC%EB%8F%99
61,라싸브어,반포동,French,02-591-6713,HIGH,11728212,라싸브어,서울 서초구 서래로 24 다솜빌딩 5층,0507-1331-6713,프랑스음식,https://m.place.naver.com/restaurant/11728212/home,https://m.search.naver.com/search.naver?query=%EB%9D%BC%EC%8B%B8%EB%B8%8C%EC%96%B4%20%EB%B0%98%ED%8F%AC%EB%8F%99
62,방방,용산구,French,010-6720-9459,HIGH,1000658573,방방,"서울 용산구 신흥로 99-9 내제 1, 2층",0507-1340-9459,와인,https://m.place.naver.com/restaurant/1000658573/home,https://m.search.naver.com/search.naver?query=%EB%B0%A9%EB%B0%A9%20%EC%9A%A9%EC%82%B0%EA%B5%AC
63,제로 콤플렉스,용산구,French,02-532-0876,HIGH,32762172,제로컴플렉스,서울 용산구 서빙고로59길 11-8,02-532-0876,프랑스음식,https://m.place.naver.com/restaurant/32762172/home,https://m.search.naver.com/search.naver?query=%EC%A0%9C%EB%A1%9C%20%EC%BD%A4%ED%94%8C%EB%A0%89%EC%8A%A4%20%EC%9A%A9%EC%82%B0%EA%B5%AC
64,라브리,종로구,French,02-739-8930,HIGH,21857279,라브리,서울 종로구 종로 1 교보생명빌딩 2층,02-739-8930,프랑스음식,https://m.place.naver.com/restaurant/21857279/home,https://m.search.naver.com/search.naver?query=%EB%9D%BC%EB%B8%8C%EB%A6%AC%20%EC%A2%85%EB%A1%9C%EA%B5%AC
65,빠리가옥,종로구,French,02-6083-1626,HIGH,310755957,빠리가옥,서울 종로구 수표로28길 33-4,0507-1418-1626,프랑스음식,https://m.place.naver.com/restaurant/310755957/home,https://m.search.naver.com/search.naver?query=%EB%B9%A0%EB%A6%AC%EA%B0%80%EC%98%A5%20%EC%A2%85%EB%A1%9C%EA%B5%AC
68,스미스앤월렌스키,한남동,Steak,02-6390-9880,HIGH,1060159040,스미스앤월렌스키,서울 용산구 독서당로 71 7F-8F,0507-1343-9880,"스테이크,립",https://m.place.naver.com/restaurant/1060159040/home,https://m.search.naver.com/search.naver?query=%EC%8A%A4%EB%AF%B8%EC%8A%A4%EC%95%A4%EC%9B%94%EB%A0%8C%EC%8A%A4%ED%82%A4%20%ED%95%9C%EB%82%A8%EB%8F%99
69,울프강,청담동,Steak,02-556-8700,HIGH,36449091,울프강 스테이크하우스,서울 강남구 선릉로152길 21 영인빌딩 1층,0507-1486-8700,"스테이크,립",https://m.place.naver.com/restaurant/36449091/home,https://m.search.naver.com/search.naver?query=%EC%9A%B8%ED%94%84%EA%B0%95%20%EC%B2%AD%EB%8B%B4%EB%8F%99
70,커스텀잇,신사동,American ,02-514-5333,HIGH,1737791798,커스텀잇 레스토랑,서울 강남구 압구정로 110 1층,02-514-5333,"스테이크,립",https://m.place.naver.com/restaurant/1737791798/home,https://m.search.naver.com/search.naver?query=%EC%BB%A4%EC%8A%A4%ED%85%80%EC%9E%87%20%EC%8B%A0%EC%82%AC%EB%8F%99
71,부첼리하우스,한남동,Steak,02-792-5676,HIGH,783125368,부첼리하우스,서울 용산구 독서당로 122-1,02-792-5676,양식,https://m.place.naver.com/restaurant/783125368/home,https://m.search.naver.com/search.naver?query=%EB%B6%80%EC%B2%BC%EB%A6%AC%ED%95%98%EC%9A%B0%EC%8A%A4%20%ED%95%9C%EB%82%A8%EB%8F%99
72,구스테이크 528,신사동,Steak,02-511-0917,HIGH,19877737,GOO STK 528,서울 강남구 압구정로 108 덕산빌딩 109호,02-511-0917,"스테이크,립",https://m.place.naver.com/restaurant/19877737/home,https://m.search.naver.com/search.naver?query=%EA%B5%AC%EC%8A%A4%ED%85%8C%EC%9D%B4%ED%81%AC%20528%20%EC%8B%A0%EC%82%AC%EB%8F%99
73,볼트 스테이크하우스,청담동,Steak,02-544-9235,HIGH,35807289,볼트스테이크하우스,서울 강남구 압구정로72길 22 2층 볼트 스테이크하우스,02-544-9235,"스테이크,립",https://m.place.naver.com/restaurant/35807289/home,https://m.search.naver.com/search.naver?query=%EB%B3%BC%ED%8A%B8%20%EC%8A%A4%ED%85%8C%EC%9D%B4%ED%81%AC%ED%95%98%EC%9A%B0%EC%8A%A4%20%EC%B2%AD%EB%8B%B4%EB%8F%99
74,부처스컷,신사동,Steak,02-6952-5053,HIGH,1729721060,붓처스컷 도산점,"서울 강남구 언주로 837 지하 1, 지상1,2층",02-6952-5053,"스테이크,립",https://m.place.naver.com/restaurant/1729721060/home,https://m.search.naver.com/search.naver?query=%EB%B6%80%EC%B2%98%EC%8A%A4%EC%BB%B7%20%EC%8B%A0%EC%82%AC%EB%8F%99
75,티식스,청담동,Asian,02-542-2388,HIGH,13575284,티식스,서울 강남구 압구정로60길 26 6층,02-542-2388,아시아음식,https://m.place.naver.com/restaurant/13575284/home,https://m.search.naver.com/search.naver?query=%ED%8B%B0%EC%8B%9D%EC%8A%A4%20%EC%B2%AD%EB%8B%B4%EB%8F%99
78,펄쉘 청담,청담동,Seafood,02-518-0916,HIGH,1667563239,펄쉘 청담,서울 강남구 도산대로55길 45 1층,02-518-0916,프랑스음식,https://m.place.naver.com/restaurant/1667563239/home,https://m.search.naver.com/search.naver?query=%ED%8E%84%EC%89%98%20%EC%B2%AD%EB%8B%B4%20%EC%B2%AD%EB%8B%B4%EB%8F%99
79,올댓미트돔,압구정동,American ,070-7773-2981,HIGH,1749762967,올댓미트돔,서울 강남구 언주로174길 22 로이빌딩 5층,0507-1329-2981,양식,https://m.place.naver.com/restaurant/1749762967/home,https://m.search.naver.com/search.naver?query=%EC%98%AC%EB%8C%93%EB%AF%B8%ED%8A%B8%EB%8F%94%20%EC%95%95%EA%B5%AC%EC%A0%95%EB%8F%99
80,세스타,한남동,American ,02-793-9400,HIGH,1709722509,세스타,서울 용산구 한남대로20길 21-18 1층,0507-1479-9402,양식,https://m.place.naver.com/restaurant/1709722509/home,https://m.search.naver.com/search.naver?query=%EC%84%B8%EC%8A%A4%ED%83%80%20%ED%95%9C%EB%82%A8%EB%8F%99
81,주파카,한남동,Mexican,0507-134-6426,HIGH,1835956377,주파카 비리아,서울 용산구 한남대로27가길 13 지하 1,,"멕시코,남미음식",https://m.place.naver.com/restaurant/1835956377/home,https://m.search.naver.com/search.naver?query=%EC%A3%BC%ED%8C%8C%EC%B9%B4%20%ED%95%9C%EB%82%A8%EB%8F%99
82,플럭스(안티트러스트),청담동,American ,02-749-2288,HIGH,1927179824,플럭스,서울 강남구 선릉로162길 12 3층,,양식,https://m.place.naver.com/restaurant/1927179824/home,https://m.search.naver.com/search.naver?query=%ED%94%8C%EB%9F%AD%EC%8A%A4%20%EC%B2%AD%EB%8B%B4%EB%8F%99
83,레에스티우,용산구,Spanish,02-722-2127,HIGH,1285541846,레에스티우,서울 용산구 대사관로20길 5 레에스티우,02-722-2127,스페인음식,https://m.place.naver.com/restaurant/1285541846/home,https://m.search.naver.com/search.naver?query=%EB%A0%88%EC%97%90%EC%8A%A4%ED%8B%B0%EC%9A%B0%20%EC%9A%A9%EC%82%B0%EA%B5%AC
84,비놀로지,청담동,"American, Wine",0507-1448-0307,NO_MATCH,,,,,,,https://m.search.naver.com/search.naver?query=%EB%B9%84%EB%86%80%EB%A1%9C%EC%A7%80%20%EC%B2%AD%EB%8B%B4%EB%8F%99
85,도츠,한남동,American/Asian,02-792-7445,NO_MATCH,,,,,,,https://m.search.naver.com/search.naver?query=%EB%8F%84%EC%B8%A0%20%ED%95%9C%EB%82%A8%EB%8F%99
86,더즌 오이스터 한남,한남동,American ,02-790-0916,HIGH,1507770811,더즌 오이스터 한남,서울 용산구 이태원로54길 63-4 1층,02-790-0916,양식,https://m.place.naver.com/restaurant/1507770811/home,https://m.search.naver.com/search.naver?query=%EB%8D%94%EC%A6%8C%20%EC%98%A4%EC%9D%B4%EC%8A%A4%ED%84%B0%20%ED%95%9C%EB%82%A8%20%ED%95%9C%EB%82%A8%EB%8F%99
87,레커,청담동,American ,02-543-4707,HIGH,1323248895,레커 청담,서울 강남구 선릉로146길 27-10 1층,0507-1312-4707,양식,https://m.place.naver.com/restaurant/1323248895/home,https://m.search.naver.com/search.naver?query=%EB%A0%88%EC%BB%A4%20%EC%B2%AD%EB%8B%B4%EB%8F%99
88,푸에고,한남동,American,02-797-3454,HIGH,1828750384,푸에고,서울 용산구 유엔빌리지길 14,0507-1315-3454,양식,https://m.place.naver.com/restaurant/1828750384/home,https://m.search.naver.com/search.naver?query=%ED%91%B8%EC%97%90%EA%B3%A0%20%ED%95%9C%EB%82%A8%EB%8F%99
89,갓잇 한남점,한남동,Mexican,02-6052-9451,HIGH,1266849655,갓잇 한남점,서울 용산구 대사관로 46-1 지하1층 1호,0507-1496-1508,"멕시코,남미음식",https://m.place.naver.com/restaurant/1266849655/home,https://m.search.naver.com/search.naver?query=%EA%B0%93%EC%9E%87%20%ED%95%9C%EB%82%A8%EC%A0%90%20%ED%95%9C%EB%82%A8%EB%8F%99
92,휴135,한남동,고기집,070-4155-0135,HIGH,1630150712,휴135,서울 용산구 이태원로55나길 6 1층 휴135,0507-1384-0177,"스테이크,립",https://m.place.naver.com/restaurant/1630150712/home,https://m.search.naver.com/search.naver?query=%ED%9C%B4135%20%ED%95%9C%EB%82%A8%EB%8F%99
93,소꿉 청담,청당동,고기집,010-5102-8587,NO_MATCH,,,,,,,https://m.search.naver.com/search.naver?query=%EC%86%8C%EA%BF%89%20%EC%B2%AD%EB%8B%B4%20%EC%B2%AD%EB%8B%B9%EB%8F%99
94,우가,압구정동,고기집,02-6272-2223~4,MEDIUM,36802965,우가,서울 강남구 강남대로 652 신사스퀘어 G층,02-6272-2223,소고기구이,,https://m.search.naver.com/search.naver?query=%EC%9A%B0%EA%B0%80%20%EC%95%95%EA%B5%AC%EC%A0%95%EB%8F%99
95,R고기,청담동,고기집,,HIGH,2038335903,R고기,서울 강남구 선릉로146길 23 1층,0507-1472-0793,소고기구이,https://m.place.naver.com/restaurant/2038335903/home,https://m.search.naver.com/search.naver?query=R%EA%B3%A0%EA%B8%B0%20%EC%B2%AD%EB%8B%B4%EB%8F%99
96,수린,신사동,고기집,02-515-9220,HIGH,611361308,수린,서울 강남구 언주로164길 24 3층 수린,0507-1356-9220,소고기구이,https://m.place.naver.com/restaurant/611361308/home,https://m.search.naver.com/search.naver?query=%EC%88%98%EB%A6%B0%20%EC%8B%A0%EC%82%AC%EB%8F%99
97,우텐더,압구정동,고기집,010-8001-3888,MEDIUM,878378143,우텐더,서울 강남구 압구정로42길 25-10 1층 2층,0507-1419-8588,소고기구이,,https://m.search.naver.com/search.naver?query=%EC%9A%B0%ED%85%90%EB%8D%94%20%EC%95%95%EA%B5%AC%EC%A0%95%EB%8F%99
98,유엔가든 중원 역삼점,역삼동,고기집,02-6985-7979,NO_MATCH,,,,,,,https://m.search.naver.com/search.naver?query=%EC%9C%A0%EC%97%94%EA%B0%80%EB%93%A0%20%EC%A4%91%EC%9B%90%20%EC%97%AD%EC%82%BC%EC%A0%90%20%EC%97%AD%EC%82%BC%EB%8F%99
99,유엔가든 판교,판교,고기집,031-708-9929,NO_MATCH,,,,,,,https://m.search.naver.com/search.naver?query=%EC%9C%A0%EC%97%94%EA%B0%80%EB%93%A0%20%ED%8C%90%EA%B5%90%20%ED%8C%90%EA%B5%90
100,텅앤그루브조인트,이태원,고기집,02-790-7036,NO_MATCH,,,,,,,https://m.search.naver.com/search.naver?query=%ED%85%85%EC%95%A4%EA%B7%B8%EB%A3%A8%EB%B8%8C%EC%A1%B0%EC%9D%B8%ED%8A%B8%20%EC%9D%B4%ED%83%9C%EC%9B%90
101,우미학,압구정동,고기집,02-518-2213,HIGH,36771985,우미학 압구정 본점,서울 강남구 압구정로30길 51,0507-1404-2213,"육류,고기요리",https://m.place.naver.com/restaurant/36771985/home,https://m.search.naver.com/search.naver?query=%EC%9A%B0%EB%AF%B8%ED%95%99%20%EC%95%95%EA%B5%AC%EC%A0%95%EB%8F%99
102,고청담,광화문,고기집,010-4322-1975,MEDIUM,1223232276,고청담 광화문 디타워점,서울 종로구 종로3길 17 D타워 5층,,"육류,고기요리",,https://m.search.naver.com/search.naver?query=%EA%B3%A0%EC%B2%AD%EB%8B%B4%20%EA%B4%91%ED%99%94%EB%AC%B8
103,스니,압구정동,한우 오마카세,010-7472-0220,HIGH,1078453490,스니,서울 강남구 도산대로 439 8층,0507-1376-0220,"육류,고기요리",https://m.place.naver.com/restaurant/1078453490/home,https://m.search.naver.com/search.naver?query=%EC%8A%A4%EB%8B%88%20%EC%95%95%EA%B5%AC%EC%A0%95%EB%8F%99
104,핑크솔트 숯불구이,합정동 ,고기집,02-332-3331,HIGH,1267556937,핑크솔트 숯불구이,서울 마포구 양화로 16 핑크솔트,0507-1399-3334,한식,https://m.place.naver.com/restaurant/1267556937/home,https://m.search.naver.com/search.naver?query=%ED%95%91%ED%81%AC%EC%86%94%ED%8A%B8%20%EC%88%AF%EB%B6%88%EA%B5%AC%EC%9D%B4%20%ED%95%A9%EC%A0%95%EB%8F%99
105,조우,압구정동,고기집,02-547-5800,HIGH,1487738581,조우,서울 강남구 논현로 831 1층,02-547-5800,소고기구이,https://m.place.naver.com/restaurant/1487738581/home,https://m.search.naver.com/search.naver?query=%EC%A1%B0%EC%9A%B0%20%EC%95%95%EA%B5%AC%EC%A0%95%EB%8F%99
106,양인환대극진,용산구,양 고기집,010-2757-3592,MEDIUM,1120972715,양인환대 극진,서울 용산구 한강대로40길 14 지상1층 104호,,양갈비,,https://m.search.naver.com/search.naver?query=%EC%96%91%EC%9D%B8%ED%99%98%EB%8C%80%EA%B7%B9%EC%A7%84%20%EC%9A%A9%EC%82%B0%EA%B5%AC
107,우래옥,주교동,고기집,02-2265-0151,HIGH,11679381,우래옥,서울 중구 창경궁로 62-29,02-2265-0151,냉면,https://m.place.naver.com/restaurant/11679381/home,https://m.search.naver.com/search.naver?query=%EC%9A%B0%EB%9E%98%EC%98%A5%20%EC%A3%BC%EA%B5%90%EB%8F%99
108,다온바이뱀부,논현동,고기집,02-546-0604,HIGH,1568318079,다온바이뱀부,서울 강남구 학동로25길 39,02-546-0604,소고기구이,https://m.place.naver.com/restaurant/1568318079/home,https://m.search.naver.com/search.naver?query=%EB%8B%A4%EC%98%A8%EB%B0%94%EC%9D%B4%EB%B1%80%EB%B6%80%20%EB%85%BC%ED%98%84%EB%8F%99
109,금돼지 식당,약수동,돼지고기,0507-1307-8750,MEDIUM,37869877,금돼지식당,서울 중구 다산로 149 1층,0507-1307-8750,돼지고기구이,,https://m.search.naver.com/search.naver?query=%EA%B8%88%EB%8F%BC%EC%A7%80%20%EC%8B%9D%EB%8B%B9%20%EC%95%BD%EC%88%98%EB%8F%99
110,남영돈,용산구,돼지고기,02-793-3598,HIGH,19774046,남영돈,서울 용산구 한강대로80길 17 남영돈,0507-1351-3598,돼지고기구이,https://m.place.naver.com/restaurant/19774046/home,https://m.search.naver.com/search.naver?query=%EB%82%A8%EC%98%81%EB%8F%88%20%EC%9A%A9%EC%82%B0%EA%B5%AC
111,남영탉,용산구,닭고기,070-8733-5949,NO_MATCH,,,,,,,https://m.search.naver.com/search.naver?query=%EB%82%A8%EC%98%81%ED%83%89%20%EC%9A%A9%EC%82%B0%EA%B5%AC
112,한강수,도곡,정육식당,0507-1343-8404,HIGH,13483118,한강수,서울 강남구 강남대로58길 17 1층 한강수,0507-1343-8404,정육식당,https://m.place.naver.com/restaurant/13483118/home,https://m.search.naver.com/search.naver?query=%ED%95%9C%EA%B0%95%EC%88%98%20%EB%8F%84%EA%B3%A1
113,삼원가든,신사동,고기집,02-548-3030,HIGH,11718583,RELA,서울 강남구 언주로 835,02-548-3030,한식,https://m.place.naver.com/restaurant/11718583/home,https://m.search.naver.com/search.naver?query=%EC%82%BC%EC%9B%90%EA%B0%80%EB%93%A0%20%EC%8B%A0%EC%82%AC%EB%8F%99
114,청담우애,청담동,고기집,0507-1381-6015,HIGH,1060102146,청담우애,서울 강남구 도산대로90길 16 Jade49 4층,0507-1381-6015,소고기구이,https://m.place.naver.com/restaurant/1060102146/home,https://m.search.naver.com/search.naver?query=%EC%B2%AD%EB%8B%B4%EC%9A%B0%EC%95%A0%20%EC%B2%AD%EB%8B%B4%EB%8F%99
115,남산 막창,보광동,고기집,02-792-7469,HIGH,1603591552,남산막창,서울 용산구 장문로 81 1층,02-792-7469,돼지고기구이,https://m.place.naver.com/restaurant/1603591552/home,https://m.search.naver.com/search.naver?query=%EB%82%A8%EC%82%B0%20%EB%A7%89%EC%B0%BD%20%EB%B3%B4%EA%B4%91%EB%8F%99
116,압구정진주 압구정점,압구정동,고기집,02-3446-7779,MISMATCH,1409645462,,주소,,,,https://m.search.naver.com/search.naver?query=%EC%95%95%EA%B5%AC%EC%A0%95%EC%A7%84%EC%A3%BC%20%EC%95%95%EA%B5%AC%EC%A0%95%EC%A0%90%20%EC%95%95%EA%B5%AC%EC%A0%95%EB%8F%99
117,압구정진주 한남점,한남동,고기집,070-8865-8788,NO_MATCH,,,,,,,https://m.search.naver.com/search.naver?query=%EC%95%95%EA%B5%AC%EC%A0%95%EC%A7%84%EC%A3%BC%20%ED%95%9C%EB%82%A8%EC%A0%90%20%ED%95%9C%EB%82%A8%EB%8F%99
118,곰바위,삼성동,고기집,02-511-0068,HIGH,11540780,곰바위 본점,서울 강남구 영동대로115길 10,0507-1404-0068,"곱창,막창,양",https://m.place.naver.com/restaurant/11540780/home,https://m.search.naver.com/search.naver?query=%EA%B3%B0%EB%B0%94%EC%9C%84%20%EC%82%BC%EC%84%B1%EB%8F%99
119,네모집 한남점,한남동,고기집,02-749-3210,HIGH,1245523036,네모집 한남점,서울 용산구 독서당로 87 네모집 한남점,0507-1437-3213,소고기구이,https://m.place.naver.com/restaurant/1245523036/home,https://m.search.naver.com/search.naver?query=%EB%84%A4%EB%AA%A8%EC%A7%91%20%ED%95%9C%EB%82%A8%EC%A0%90%20%ED%95%9C%EB%82%A8%EB%8F%99
120,마포원조소금구이 도산점,압구정동,돼지고기,0507-1377-0859,NO_MATCH,,,,,,,https://m.search.naver.com/search.naver?query=%EB%A7%88%ED%8F%AC%EC%9B%90%EC%A1%B0%EC%86%8C%EA%B8%88%EA%B5%AC%EC%9D%B4%20%EB%8F%84%EC%82%B0%EC%A0%90%20%EC%95%95%EA%B5%AC%EC%A0%95%EB%8F%99
123,라연,장충동,Korean,02-2230-2323,HIGH,37402189,서울신라호텔 라연,서울 중구 동호로 249,02-2230-3367,한식,https://m.place.naver.com/restaurant/37402189/home,https://m.search.naver.com/search.naver?query=%EB%9D%BC%EC%97%B0%20%EC%9E%A5%EC%B6%A9%EB%8F%99
124,온지음,통의동,Korean,070-4816-6610,MEDIUM,1302703569,온지음 레스토랑,서울 종로구 효자로 49 온지음 4층,02-6952-0024,한식,,https://m.search.naver.com/search.naver?query=%EC%98%A8%EC%A7%80%EC%9D%8C%20%ED%86%B5%EC%9D%98%EB%8F%99
125,오늘,이태원,Korean,02-792-1054,MEDIUM,1070755629,이태원 루프탑 파티룸 모쏘,서울 용산구 녹사평대로46길 5 3층,,장소대여,,https://m.search.naver.com/search.naver?query=%EC%98%A4%EB%8A%98%20%EC%9D%B4%ED%83%9C%EC%9B%90
126,권숙수,압구정동,Korean,02-542-6268,HIGH,37020894,권숙수,서울 강남구 압구정로80길 37 이에스 빌딩 4층,0507-1354-6268,한식,https://m.place.naver.com/restaurant/37020894/home,https://m.search.naver.com/search.naver?query=%EA%B6%8C%EC%88%99%EC%88%98%20%EC%95%95%EA%B5%AC%EC%A0%95%EB%8F%99
127,정식당,압구정동,Korean,02-517-4654,HIGH,13320884,정식당,서울 강남구 선릉로158길 11,02-517-4654,한식,https://m.place.naver.com/restaurant/13320884/home,https://m.search.naver.com/search.naver?query=%EC%A0%95%EC%8B%9D%EB%8B%B9%20%EC%95%95%EA%B5%AC%EC%A0%95%EB%8F%99
128,주옥,소공동,Korean,010-4461-1193,MEDIUM,18039114,전주옥 영양탕,서울 중구 명동8길 8-17,02-778-9303,"사철,영양탕",,https://m.search.naver.com/search.naver?query=%EC%A3%BC%EC%98%A5%20%EC%86%8C%EA%B3%B5%EB%8F%99
129,밍글스,논현동,Korean,02-515-7306,MEDIUM,35215752,밍글스,서울 강남구 도산대로67길 19 힐탑빌딩 2층,02-515-7306,한식,,https://m.search.naver.com/search.naver?query=%EB%B0%8D%EA%B8%80%EC%8A%A4%20%EB%85%BC%ED%98%84%EB%8F%99
130,비채나,잠실,Korean,02-3213-1260~1,MEDIUM,31076200,비채나,서울 송파구 올림픽로 300 롯데월드타워 81층,02-3213-1261,한식,,https://m.search.naver.com/search.naver?query=%EB%B9%84%EC%B1%84%EB%82%98%20%EC%9E%A0%EC%8B%A4
131,모수,한남동/이태원,Korean,02-793-5995,LOW,1699073167,뉴오더클럽 한남,서울 용산구 이태원로54길 58-14 1F 뉴오더클럽 한남,0507-1403-5701,피자,,https://m.search.naver.com/search.naver?query=%EB%AA%A8%EC%88%98%20%ED%95%9C%EB%82%A8%EB%8F%99/%EC%9D%B4%ED%83%9C%EC%9B%90
132,레스토랑 주은,종로구,Korean,02-540-8580,HIGH,1064950180,레스토랑 주은,서울 종로구 경희궁길 36 8층,02-540-8580,한식,https://m.place.naver.com/restaurant/1064950180/home,https://m.search.naver.com/search.naver?query=%EB%A0%88%EC%8A%A4%ED%86%A0%EB%9E%91%20%EC%A3%BC%EC%9D%80%20%EC%A2%85%EB%A1%9C%EA%B5%AC
133,솔밤,논현동,한식,070-4405-7788,HIGH,1971122149,솔밤,서울 강남구 학동로 231 백영논현센터 2층 솔밤,0507-1385-7308,한식,https://m.place.naver.com/restaurant/1971122149/home,https://m.search.naver.com/search.naver?query=%EC%86%94%EB%B0%A4%20%EB%85%BC%ED%98%84%EB%8F%99
134,엑스퀴진,청담동,Korean,02-542-6921,HIGH,38781115,익스퀴진,서울 강남구 삼성로140길 6 라파빌딩,02-542-6921,양식,https://m.place.naver.com/restaurant/38781115/home,https://m.search.naver.com/search.naver?query=%EC%97%91%EC%8A%A4%ED%80%B4%EC%A7%84%20%EC%B2%AD%EB%8B%B4%EB%8F%99
137,한우리,논현동,Korean,02-545-3334~6,HIGH,11725907,한우리 본점,서울 강남구 도산대로 304,02-545-3334,한정식,https://m.place.naver.com/restaurant/11725907/home,https://m.search.naver.com/search.naver?query=%ED%95%9C%EC%9A%B0%EB%A6%AC%20%EB%85%BC%ED%98%84%EB%8F%99
138,꽃새우 영번지,역삼동,Seafood,02-501-2050,HIGH,20413792,꽃새우 영번지 역삼점,서울 강남구 언주로 536,02-501-2050,"해물,생선요리",https://m.place.naver.com/restaurant/20413792/home,https://m.search.naver.com/search.naver?query=%EA%BD%83%EC%83%88%EC%9A%B0%20%EC%98%81%EB%B2%88%EC%A7%80%20%EC%97%AD%EC%82%BC%EB%8F%99
139,품,삼성동,Korean,02-777-9007,HIGH,13047969,품 서울,서울 강남구 삼성로126길 6 보고재빌딩 1층,02-777-9007,한정식,https://m.place.naver.com/restaurant/13047969/home,https://m.search.naver.com/search.naver?query=%ED%92%88%20%EC%82%BC%EC%84%B1%EB%8F%99
140,을밀대 강남점,역삼동,Korean,02-552-1922 ,HIGH,13455431,을밀대 강남점,"서울 강남구 테헤란로4길 46 쌍용플래티넘밸류 B-147,148,149호",02-552-1922,냉면,https://m.place.naver.com/restaurant/13455431/home,https://m.search.naver.com/search.naver?query=%EC%9D%84%EB%B0%80%EB%8C%80%20%EA%B0%95%EB%82%A8%EC%A0%90%20%EC%97%AD%EC%82%BC%EB%8F%99
141,평양면옥,논현동,Korean,02-549-5378,HIGH,11710893,평양면옥,서울 강남구 논현로150길 6,02-549-5378,냉면,https://m.place.naver.com/restaurant/11710893/home,https://m.search.naver.com/search.naver?query=%ED%8F%89%EC%96%91%EB%A9%B4%EC%98%A5%20%EB%85%BC%ED%98%84%EB%8F%99
142,우래옥,종로,Korean,02-2265-0151,HIGH,11679381,우래옥,서울 중구 창경궁로 62-29,02-2265-0151,냉면,https://m.place.naver.com/restaurant/11679381/home,https://m.search.naver.com/search.naver?query=%EC%9A%B0%EB%9E%98%EC%98%A5%20%EC%A2%85%EB%A1%9C
143,한남북엇국,한남동,Korean,02-2297-1988,HIGH,31139796,한남 북엇국,서울 용산구 독서당로 65-7,02-2297-1988,한식,https://m.place.naver.com/restaurant/31139796/home,https://m.search.naver.com/search.naver?query=%ED%95%9C%EB%82%A8%EB%B6%81%EC%97%87%EA%B5%AD%20%ED%95%9C%EB%82%A8%EB%8F%99
144,개화옥,신사동,Korean,02-549-1459,HIGH,13375124,개화옥,서울 강남구 압구정로50길 7 정동상가 107호,0507-1327-1459,한식,https://m.place.naver.com/restaurant/13375124/home,https://m.search.naver.com/search.naver?query=%EA%B0%9C%ED%99%94%EC%98%A5%20%EC%8B%A0%EC%82%AC%EB%8F%99
145,모이,한남동,Korean,02-790-7784,MEDIUM,31997239,MOIRAI,서울 용산구 이태원로54가길 4 1층 모이라이,,남성의류,,https://m.search.naver.com/search.naver?query=%EB%AA%A8%EC%9D%B4%20%ED%95%9C%EB%82%A8%EB%8F%99
146,석파랑,홍지동,Korean,02-395-2500,HIGH,1223747691,석파랑,서울 종로구 자하문로 309,02-395-2500,한정식,https://m.place.naver.com/restaurant/1223747691/home,https://m.search.naver.com/search.naver?query=%EC%84%9D%ED%8C%8C%EB%9E%91%20%ED%99%8D%EC%A7%80%EB%8F%99
147,소설 한남,한남동,Korean,02-797-5995,HIGH,1678815761,소설한남,서울 용산구 한남대로20길 21-18 B동 지하1층,02-797-5995,한식,https://m.place.naver.com/restaurant/1678815761/home,https://m.search.naver.com/search.naver?query=%EC%86%8C%EC%84%A4%20%ED%95%9C%EB%82%A8%20%ED%95%9C%EB%82%A8%EB%8F%99
148,백년옥,서초동,Korean,02-523-2860,HIGH,11678686,백년옥,서울 서초구 남부순환로 2407,02-523-2860,두부요리,https://m.place.naver.com/restaurant/11678686/home,https://m.search.naver.com/search.naver?query=%EB%B0%B1%EB%85%84%EC%98%A5%20%EC%84%9C%EC%B4%88%EB%8F%99
149,옳음,청담동,Korean,02-549-2016,HIGH,2087880666,호텔이본 옳음,서울 강남구 도산대로100길 24,0507-1434-2061,한식,https://m.place.naver.com/restaurant/2087880666/home,https://m.search.naver.com/search.naver?query=%EC%98%B3%EC%9D%8C%20%EC%B2%AD%EB%8B%B4%EB%8F%99
150,도슬박,신사동,Korean,0507-1498-1171,HIGH,1204924395,도슬박,서울 강남구 압구정로42길 25-3 1층,0507-1343-1157,한식,https://m.place.naver.com/restaurant/1204924395/home,https://m.search.naver.com/search.naver?query=%EB%8F%84%EC%8A%AC%EB%B0%95%20%EC%8B%A0%EC%82%AC%EB%8F%99
151,한성칼국수,논현동,Korean,02-544-0540,HIGH,12915620,한성칼국수 논현본점,서울 강남구 언주로148길 14 청호상가빌딩 가동 2층,02-544-0540,한식,https://m.place.naver.com/restaurant/12915620/home,https://m.search.naver.com/search.naver?query=%ED%95%9C%EC%84%B1%EC%B9%BC%EA%B5%AD%EC%88%98%20%EB%85%BC%ED%98%84%EB%8F%99
152,코자차,삼성동,Korean,010-9023-7771,MEDIUM,1777546474,코자차,서울 강남구 학동로97길 17 1층 코자차,,중식당,,https://m.search.naver.com/search.naver?query=%EC%BD%94%EC%9E%90%EC%B0%A8%20%EC%82%BC%EC%84%B1%EB%8F%99
153,박성희가 요리하는 집,신사동,Korean,010-4754-9091,LOW,1557562722,박성희가요리하는집,서울 강남구 학동로1길 22,02-518-8990,한식,,https://m.search.naver.com/search.naver?query=%EB%B0%95%EC%84%B1%ED%9D%AC%EA%B0%80%20%EC%9A%94%EB%A6%AC%ED%95%98%EB%8A%94%20%EC%A7%91%20%EC%8B%A0%EC%82%AC%EB%8F%99
154,묵정,묵정동,Korean,02-6743-0101,HIGH,18695697,묵정동빌라,서울 중구 퇴계로50가길 18,,주택,https://m.place.naver.com/restaurant/18695697/home,https://m.search.naver.com/search.naver?query=%EB%AC%B5%EC%A0%95%20%EB%AC%B5%EC%A0%95%EB%8F%99
155,단비,한남동,횟집,02-797-8375,HIGH,36184242,단비,서울 용산구 한남대로20길 21-12,02-797-8375,한식,https://m.place.naver.com/restaurant/36184242/home,https://m.search.naver.com/search.naver?query=%EB%8B%A8%EB%B9%84%20%ED%95%9C%EB%82%A8%EB%8F%99
156,경운산 한남점,한남동,Korean,010-9878-9408,HIGH,1693891987,경운산 한남점,서울 용산구 대사관로31길 25 지층,,요리주점,https://m.place.naver.com/restaurant/1693891987/home,https://m.search.naver.com/search.naver?query=%EA%B2%BD%EC%9A%B4%EC%82%B0%20%ED%95%9C%EB%82%A8%EC%A0%90%20%ED%95%9C%EB%82%A8%EB%8F%99
157,공기,이태원,Korean,0507-1404-7753,MEDIUM,1677507385,마우그린띵,서울 용산구 회나무로13가길 30 1층 가운데상가,,"원예,화훼농원",,https://m.search.naver.com/search.naver?query=%EA%B3%B5%EA%B8%B0%20%EC%9D%B4%ED%83%9C%EC%9B%90
158,유림면,서소문동,Korean,02-755-0659,HIGH,11725657,유림면,서울 중구 서소문로 139-1,02-755-0659,국수,https://m.place.naver.com/restaurant/11725657/home,https://m.search.naver.com/search.naver?query=%EC%9C%A0%EB%A6%BC%EB%A9%B4%20%EC%84%9C%EC%86%8C%EB%AC%B8%EB%8F%99
159,필동면옥,필동,Korean,02-2266-2611,HIGH,11678838,필동면옥,서울 중구 서애로 26,02-2266-2611,냉면,https://m.place.naver.com/restaurant/11678838/home,https://m.search.naver.com/search.naver?query=%ED%95%84%EB%8F%99%EB%A9%B4%EC%98%A5%20%ED%95%84%EB%8F%99
160,서령,서울역,Korean,010-3473-8766,HIGH,1304551192,서령 본점,서울 중구 소월로 10 1층,0507-1427-8766,한식,https://m.place.naver.com/restaurant/1304551192/home,https://m.search.naver.com/search.naver?query=%EC%84%9C%EB%A0%B9%20%EC%84%9C%EC%9A%B8%EC%97%AD
161,진미평양냉면,논현동,Korean,02-515-3469,HIGH,37912785,진미평양냉면,서울 강남구 학동로 305-3,02-515-3469,냉면,https://m.place.naver.com/restaurant/37912785/home,https://m.search.naver.com/search.naver?query=%EC%A7%84%EB%AF%B8%ED%8F%89%EC%96%91%EB%83%89%EB%A9%B4%20%EB%85%BC%ED%98%84%EB%8F%99
164,아리아케,장충동,Sushi,02-2230-3356,HIGH,11715904,서울신라호텔 아리아께,서울 중구 동호로 249 2층,02-2230-3356,일식당,https://m.place.naver.com/restaurant/11715904/home,https://m.search.naver.com/search.naver?query=%EC%95%84%EB%A6%AC%EC%95%84%EC%BC%80%20%EC%9E%A5%EC%B6%A9%EB%8F%99
165,스시시미즈,압구정동,Sushi,02-543-0887,MEDIUM,808576630,스시 시미즈,서울 강남구 언주로152길 11-3 B1,02-543-0887,"초밥,롤",,https://m.search.naver.com/search.naver?query=%EC%8A%A4%EC%8B%9C%EC%8B%9C%EB%AF%B8%EC%A6%88%20%EC%95%95%EA%B5%AC%EC%A0%95%EB%8F%99
166,스시코우지,압구정동,Sushi,02-541-6200,HIGH,34550318,스시코우지,서울 강남구 도산대로 318 SB타워 어넥스B동 3층,02-541-6200,일식당,https://m.place.naver.com/restaurant/34550318/home,https://m.search.naver.com/search.naver?query=%EC%8A%A4%EC%8B%9C%EC%BD%94%EC%9A%B0%EC%A7%80%20%EC%95%95%EA%B5%AC%EC%A0%95%EB%8F%99
167,스시선수,압구정동,Sushi,02-514-0812,HIGH,31564434,스시선수,서울 강남구 도산대로45길 6 호림아트센터 2빌딩,02-514-0812,일식당,https://m.place.naver.com/restaurant/31564434/home,https://m.search.naver.com/search.naver?query=%EC%8A%A4%EC%8B%9C%EC%84%A0%EC%88%98%20%EC%95%95%EA%B5%AC%EC%A0%95%EB%8F%99
168,스시인,압구정동,Sushi,02-543-7636,HIGH,37870219,스시인,서울 강남구 압구정로42길 49,02-543-7636,"초밥,롤",https://m.place.naver.com/restaurant/37870219/home,https://m.search.naver.com/search.naver?query=%EC%8A%A4%EC%8B%9C%EC%9D%B8%20%EC%95%95%EA%B5%AC%EC%A0%95%EB%8F%99
169,스시코지마,청담동,Sushi,02-2056-1291,NO_MATCH,,,,,,,https://m.search.naver.com/search.naver?query=%EC%8A%A4%EC%8B%9C%EC%BD%94%EC%A7%80%EB%A7%88%20%EC%B2%AD%EB%8B%B4%EB%8F%99
170,스시스미레,청담동,Sushi,02-547-8807,HIGH,1938359158,스시스미레,서울 강남구 도산대로55길 18 4층,,"초밥,롤",https://m.place.naver.com/restaurant/1938359158/home,https://m.search.naver.com/search.naver?query=%EC%8A%A4%EC%8B%9C%EC%8A%A4%EB%AF%B8%EB%A0%88%20%EC%B2%AD%EB%8B%B4%EB%8F%99
171,스시 타쿠미곤,청담동,Sushi,02-595-1935,HIGH,1896839347,타쿠미곤,서울 강남구 도산대로58길 14 2층,0507-1313-1935,일식당,https://m.place.naver.com/restaurant/1896839347/home,https://m.search.naver.com/search.naver?query=%EC%8A%A4%EC%8B%9C%20%ED%83%80%EC%BF%A0%EB%AF%B8%EA%B3%A4%20%EC%B2%AD%EB%8B%B4%EB%8F%99
172,스시 쿠루미,청담동,Sushi,02-545-2030,NO_MATCH,,,,,,,https://m.search.naver.com/search.naver?query=%EC%8A%A4%EC%8B%9C%20%EC%BF%A0%EB%A3%A8%EB%AF%B8%20%EC%B2%AD%EB%8B%B4%EB%8F%99
173,스시 마츠모토,청담동,Sushi,02-543-4334,HIGH,1761497609,스시마츠모토,서울 강남구 도산대로75길 24 1층,02-543-4334,일식당,https://m.place.naver.com/restaurant/1761497609/home,https://m.search.naver.com/search.naver?query=%EC%8A%A4%EC%8B%9C%20%EB%A7%88%EC%B8%A0%EB%AA%A8%ED%86%A0%20%EC%B2%AD%EB%8B%B4%EB%8F%99
174,스시카나에,청담동,Sushi,02-516-3350,HIGH,1987992107,스시카나에,서울 강남구 도산대로75길 15 노노빌딩 2F,02-516-3350,일식당,https://m.place.naver.com/restaurant/1987992107/home,https://m.search.naver.com/search.naver?query=%EC%8A%A4%EC%8B%9C%EC%B9%B4%EB%82%98%EC%97%90%20%EC%B2%AD%EB%8B%B4%EB%8F%99
175,스시노아야,한남동,Sushi,02-792-8260,NO_MATCH,,,,,,,https://m.search.naver.com/search.naver?query=%EC%8A%A4%EC%8B%9C%EB%85%B8%EC%95%84%EC%95%BC%20%ED%95%9C%EB%82%A8%EB%8F%99
176,스시야,분당,Sushi,031-717-6689,HIGH,1921056523,스시야,경기 성남시 분당구 정자일로 146 엠코헤리츠1단지 101-203호,0507-1498-6693,일식당,https://m.place.naver.com/restaurant/1921056523/home,https://m.search.naver.com/search.naver?query=%EC%8A%A4%EC%8B%9C%EC%95%BC%20%EB%B6%84%EB%8B%B9
177,스시야 도산대로점,신사동,Sushi,010-9338-6689,MEDIUM,1194038113,스시야 도산대로점,서울 강남구 도산대로 150 2층,0507-1468-6690,일식당,,https://m.search.naver.com/search.naver?query=%EC%8A%A4%EC%8B%9C%EC%95%BC%20%EB%8F%84%EC%82%B0%EB%8C%80%EB%A1%9C%EC%A0%90%20%EC%8B%A0%EC%82%AC%EB%8F%99
178,스시정대,청담동,Sushi,02-737-3204,HIGH,1309446713,정대,서울 강남구 도산대로 501 1층 102호,02-737-3204,일식당,https://m.place.naver.com/restaurant/1309446713/home,https://m.search.naver.com/search.naver?query=%EC%8A%A4%EC%8B%9C%EC%A0%95%EB%8C%80%20%EC%B2%AD%EB%8B%B4%EB%8F%99
179,스시사이토 쥬욘,청담동,Sushi,010-7488-5476,HIGH,1878744167,스시사이토 쥬욘,서울 강남구 압구정로75길 30 2층,0507-1367-5476,일식당,https://m.place.naver.com/restaurant/1878744167/home,https://m.search.naver.com/search.naver?query=%EC%8A%A4%EC%8B%9C%EC%82%AC%EC%9D%B4%ED%86%A0%20%EC%A5%AC%EC%9A%98%20%EC%B2%AD%EB%8B%B4%EB%8F%99
180,하네,압구정동,Sushi,02-6952-0887,HIGH,1248190083,하네,서울 강남구 언주로172길 14,0507-1440-0887,일식당,https://m.place.naver.com/restaurant/1248190083/home,https://m.search.naver.com/search.naver?query=%ED%95%98%EB%84%A4%20%EC%95%95%EA%B5%AC%EC%A0%95%EB%8F%99
181,소수헌,서울역/마포,Sushi,010-9694-3368,NO_MATCH,,,,,,,https://m.search.naver.com/search.naver?query=%EC%86%8C%EC%88%98%ED%97%8C%20%EC%84%9C%EC%9A%B8%EC%97%AD/%EB%A7%88%ED%8F%AC
182,스시의미,한남동,Sushi,,NO_MATCH,,,,,,,https://m.search.naver.com/search.naver?query=%EC%8A%A4%EC%8B%9C%EC%9D%98%EB%AF%B8%20%ED%95%9C%EB%82%A8%EB%8F%99
183,스시소우,압구정동,Sushi,02-3442-0403,MEDIUM,2001433850,스시 소우 sou,서울 강남구 선릉로 816 B1,02-3442-0403,일식당,,https://m.search.naver.com/search.naver?query=%EC%8A%A4%EC%8B%9C%EC%86%8C%EC%9A%B0%20%EC%95%95%EA%B5%AC%EC%A0%95%EB%8F%99
186,무라사키,압구정동,일식,02-542-2276,HIGH,13573386,무라사키,서울 강남구 언주로152길 15-4,02-545-2276,일식당,https://m.place.naver.com/restaurant/13573386/home,https://m.search.naver.com/search.naver?query=%EB%AC%B4%EB%9D%BC%EC%82%AC%ED%82%A4%20%EC%95%95%EA%B5%AC%EC%A0%95%EB%8F%99
187,오무라안,역삼동,일식 소바,02-569-8610,HIGH,11679379,오무라안,서울 강남구 논현로79길 66,02-569-8610,일식당,https://m.place.naver.com/restaurant/11679379/home,https://m.search.naver.com/search.naver?query=%EC%98%A4%EB%AC%B4%EB%9D%BC%EC%95%88%20%EC%97%AD%EC%82%BC%EB%8F%99
188,스바루,방배동,일식 소바,02-569-4882,HIGH,1106627412,스바루,서울 서초구 방배중앙로21길 7 1층 스바루,02-596-4882,"우동,소바",https://m.place.naver.com/restaurant/1106627412/home,https://m.search.naver.com/search.naver?query=%EC%8A%A4%EB%B0%94%EB%A3%A8%20%EB%B0%A9%EB%B0%B0%EB%8F%99
189,미나미,서초동,일식 소바,02-522-0373,HIGH,37891352,미나미 서초점,서울 서초구 서초대로58길 31-2 1층 미나미,0507-1322-0373,일식당,https://m.place.naver.com/restaurant/37891352/home,https://m.search.naver.com/search.naver?query=%EB%AF%B8%EB%82%98%EB%AF%B8%20%EC%84%9C%EC%B4%88%EB%8F%99
190,갓포아키 도산공원점,신사동,일식,02-540-8669,HIGH,32284047,갓포아키 도산공원점,서울 강남구 도산대로45길 8-3 쿠키빌딩,02-540-8669,일식당,https://m.place.naver.com/restaurant/32284047/home,https://m.search.naver.com/search.naver?query=%EA%B0%93%ED%8F%AC%EC%95%84%ED%82%A4%20%EB%8F%84%EC%82%B0%EA%B3%B5%EC%9B%90%EC%A0%90%20%EC%8B%A0%EC%82%AC%EB%8F%99
191,진상 서초본점,강남역,샤브샤브,02-581-0092,MEDIUM,11620455,진상샤브샤브 서초본점,서울 서초구 효령로77길 30 지하1층,02-581-0092,샤브샤브,,https://m.search.naver.com/search.naver?query=%EC%A7%84%EC%83%81%20%EC%84%9C%EC%B4%88%EB%B3%B8%EC%A0%90%20%EA%B0%95%EB%82%A8%EC%97%AD
192,신정,세곡동,전골,02-554-1033,HIGH,11725305,신정,서울 강남구 헌릉로569길 39-3 주차는 발렛 주차,0507-1348-1033,"육류,고기요리",https://m.place.naver.com/restaurant/11725305/home,https://m.search.naver.com/search.naver?query=%EC%8B%A0%EC%A0%95%20%EC%84%B8%EA%B3%A1%EB%8F%99
193,로바타 라이브라,청담동,이자카야,02-3445-8005,HIGH,1383687787,로바타 라이브라 카운터,서울 강남구 선릉로148길 52 1층,0507-1324-8005,이자카야,https://m.place.naver.com/restaurant/1383687787/home,https://m.search.naver.com/search.naver?query=%EB%A1%9C%EB%B0%94%ED%83%80%20%EB%9D%BC%EC%9D%B4%EB%B8%8C%EB%9D%BC%20%EC%B2%AD%EB%8B%B4%EB%8F%99
194,갓포로바,청담동,일식,02-6480-8899,NO_MATCH,,,,,,,https://m.search.naver.com/search.naver?query=%EA%B0%93%ED%8F%AC%EB%A1%9C%EB%B0%94%20%EC%B2%AD%EB%8B%B4%EB%8F%99
195,마루심,반포동 ,장어덮밥(히쯔마부시),02-592-8998,HIGH,20206990,마루심 반포점,서울 서초구 고무래로10길 10 청구빌딩 1층,02-592-8998,"장어,먹장어요리",https://m.place.naver.com/restaurant/20206990/home,https://m.search.naver.com/search.naver?query=%EB%A7%88%EB%A3%A8%EC%8B%AC%20%EB%B0%98%ED%8F%AC%EB%8F%99
196,비스트로 카덴,연희동,이자카야,02-332-6362,MEDIUM,380995011,RELA,서울 서대문구 연희로 173 거화빌딩 1층,02-337-6360,"우동,소바",,https://m.search.naver.com/search.naver?query=%EB%B9%84%EC%8A%A4%ED%8A%B8%EB%A1%9C%20%EC%B9%B4%EB%8D%B4%20%EC%97%B0%ED%9D%AC%EB%8F%99
197,네기 다이닝라운지,신사동,일식 스끼야끼,02-548-0807,MEDIUM,1141137916,네기다이닝라운지,서울 강남구 도산대로15길 18 4층 네기다이닝라운지,0507-1407-0809,이자카야,,https://m.search.naver.com/search.naver?query=%EB%84%A4%EA%B8%B0%20%EB%8B%A4%EC%9D%B4%EB%8B%9D%EB%9D%BC%EC%9A%B4%EC%A7%80%20%EC%8B%A0%EC%82%AC%EB%8F%99
198,쥬안,청담동,일식,02-512-4833,HIGH,1547174316,쥬안,서울 강남구 도산대로75길 24 2층,02-512-4833,일식당,https://m.place.naver.com/restaurant/1547174316/home,https://m.search.naver.com/search.naver?query=%EC%A5%AC%EC%95%88%20%EC%B2%AD%EB%8B%B4%EB%8F%99
199,키겐 (스키야키),청담동,일식 스끼야끼,02-542-5565,HIGH,1554402024,스키야키 키겐,서울 강남구 언주로150길 51 지하 1층,0507-1422-5565,일식당,https://m.place.naver.com/restaurant/1554402024/home,https://m.search.naver.com/search.naver?query=%ED%82%A4%EA%B2%90%20%EC%B2%AD%EB%8B%B4%EB%8F%99
200,고료리 켄,신사동,일식 오마카세,02-511-7809,HIGH,255351939,고료리 켄,서울 강남구 언주로152길 15-3 2층,02-511-7809,양식,https://m.place.naver.com/restaurant/255351939/home,https://m.search.naver.com/search.naver?query=%EA%B3%A0%EB%A3%8C%EB%A6%AC%20%EC%BC%84%20%EC%8B%A0%EC%82%AC%EB%8F%99
201,두사라 청담,청담동,이자카야,02-511-8891,HIGH,1745919164,두사라 청담,서울 강남구 선릉로162길 52 1층,02-511-8891,일식당,https://m.place.naver.com/restaurant/1745919164/home,https://m.search.naver.com/search.naver?query=%EB%91%90%EC%82%AC%EB%9D%BC%20%EC%B2%AD%EB%8B%B4%20%EC%B2%AD%EB%8B%B4%EB%8F%99
202,모던샤브하우스,광화문,샤브샤브,02-2251-8501,HIGH,1838141891,모던샤브하우스 광화문D타워점,서울 종로구 종로3길 17 D타워 리플레이스 광화문 5층,02-2251-8501,샤브샤브,https://m.place.naver.com/restaurant/1838141891/home,https://m.search.naver.com/search.naver?query=%EB%AA%A8%EB%8D%98%EC%83%A4%EB%B8%8C%ED%95%98%EC%9A%B0%EC%8A%A4%20%EA%B4%91%ED%99%94%EB%AC%B8
203,스미카,신사동,일식,02-548-5554,MISMATCH,1294808894,,주소,,,,https://m.search.naver.com/search.naver?query=%EC%8A%A4%EB%AF%B8%EC%B9%B4%20%EC%8B%A0%EC%82%AC%EB%8F%99
204,미오,잠실,일식,02-2092-6102,HIGH,1263035580,소피텔 앰배서더 서울 미오,서울 송파구 잠실로 209 소피텔 앰배서더 서울 호텔 & 서비스드 레지던스 3층,02-2092-6102,일식당,https://m.place.naver.com/restaurant/1263035580/home,https://m.search.naver.com/search.naver?query=%EB%AF%B8%EC%98%A4%20%EC%9E%A0%EC%8B%A4
205,미나미 하나레,신사동,일식 소바,02-6206-0373,NO_MATCH,,,,,,,https://m.search.naver.com/search.naver?query=%EB%AF%B8%EB%82%98%EB%AF%B8%20%ED%95%98%EB%82%98%EB%A0%88%20%EC%8B%A0%EC%82%AC%EB%8F%99
206,청담로바,청담동,이자카야,02-6480-8899,NO_MATCH,,,,,,,https://m.search.naver.com/search.naver?query=%EC%B2%AD%EB%8B%B4%EB%A1%9C%EB%B0%94%20%EC%B2%AD%EB%8B%B4%EB%8F%99
207,야마부키,장충동,일식,02-6949-3987,HIGH,1748813102,야마부키,서울 중구 장충단로 180 신세계남산 지하1층,02-6949-3987,일식당,https://m.place.naver.com/restaurant/1748813102/home,https://m.search.naver.com/search.naver?query=%EC%95%BC%EB%A7%88%EB%B6%80%ED%82%A4%20%EC%9E%A5%EC%B6%A9%EB%8F%99
208,청담 긴자블루,청담동,일식,02-6207-0805,HIGH,1017261180,긴자 청담블루,서울 강남구 도산대로 420 청담스퀘어 B동 3층 321호,02-6207-0805,일식당,https://m.place.naver.com/restaurant/1017261180/home,https://m.search.naver.com/search.naver?query=%EC%B2%AD%EB%8B%B4%20%EA%B8%B4%EC%9E%90%EB%B8%94%EB%A3%A8%20%EC%B2%AD%EB%8B%B4%EB%8F%99
209,키사라,여의도,일식,02-3773-1252,HIGH,30808656,키사라 여의도점,서울 영등포구 여의대로 128 LG트윈타워 동관 5층,02-3773-1252,일식당,https://m.place.naver.com/restaurant/30808656/home,https://m.search.naver.com/search.naver?query=%ED%82%A4%EC%82%AC%EB%9D%BC%20%EC%97%AC%EC%9D%98%EB%8F%84
210,이쯔모,한남동,이자카야,02-796-8743,HIGH,11710546,이쯔모,서울 용산구 독서당로 67 3층,02-796-8743,이자카야,https://m.place.naver.com/restaurant/11710546/home,https://m.search.naver.com/search.naver?query=%EC%9D%B4%EC%AF%94%EB%AA%A8%20%ED%95%9C%EB%82%A8%EB%8F%99
211,미토우,청담동,일식,010-7286-9914,HIGH,1217695838,미토우,서울 강남구 도산대로70길 24 1층,0507-1306-9914,일식당,https://m.place.naver.com/restaurant/1217695838/home,https://m.search.naver.com/search.naver?query=%EB%AF%B8%ED%86%A0%EC%9A%B0%20%EC%B2%AD%EB%8B%B4%EB%8F%99
214,더 라운드 (청담),청담동,Chinese,02-545-4448,HIGH,37882999,The Round,"서울 강남구 선릉로148길 37 지하1,지상1,2층",02-545-4448,중식당,https://m.place.naver.com/restaurant/37882999/home,https://m.search.naver.com/search.naver?query=%EB%8D%94%20%EB%9D%BC%EC%9A%B4%EB%93%9C%20%EC%B2%AD%EB%8B%B4%EB%8F%99
215,더 라운드 (삼성),삼성동,Chinese,02-543-4448,HIGH,1790104492,더라운드 삼성점,서울 강남구 영동대로 648 삼안빌딩 1층,02-543-4448,중식당,https://m.place.naver.com/restaurant/1790104492/home,https://m.search.naver.com/search.naver?query=%EB%8D%94%20%EB%9D%BC%EC%9A%B4%EB%93%9C%20%EC%82%BC%EC%84%B1%EB%8F%99
216,더 라운드 (한남),한남동,Chinese,010-9527-4448,MEDIUM,2058587167,더라운드 한남,서울 용산구 독서당로 124 2층,,중식당,,https://m.search.naver.com/search.naver?query=%EB%8D%94%20%EB%9D%BC%EC%9A%B4%EB%93%9C%20%ED%95%9C%EB%82%A8%EB%8F%99
217,팔레드신,회현동,Chinese,02-317-4001,HIGH,1061905251,레스케이프 팔레드 신,서울 중구 퇴계로 67 레스케이프 호텔 6층,02-317-4001,중식당,https://m.place.naver.com/restaurant/1061905251/home,https://m.search.naver.com/search.naver?query=%ED%8C%94%EB%A0%88%EB%93%9C%EC%8B%A0%20%ED%9A%8C%ED%98%84%EB%8F%99
218,모던눌랑 잠실점,잠실,Chinese,02-3431-9666,HIGH,1237824591,모던눌랑 잠실점,서울 송파구 잠실로 209 KT송파빌딩 호텔동 B1,0507-1469-9667,중식당,https://m.place.naver.com/restaurant/1237824591/home,https://m.search.naver.com/search.naver?query=%EB%AA%A8%EB%8D%98%EB%88%8C%EB%9E%91%20%EC%9E%A0%EC%8B%A4%EC%A0%90%20%EC%9E%A0%EC%8B%A4
219,모던눌랑 센트럴시티점,반포동,Chinese,02-6282-5005,HIGH,37086581,모던눌랑 센트럴시티점,서울 서초구 사평대로 205,02-6282-5005,중식당,https://m.place.naver.com/restaurant/37086581/home,https://m.search.naver.com/search.naver?query=%EB%AA%A8%EB%8D%98%EB%88%8C%EB%9E%91%20%EC%84%BC%ED%8A%B8%EB%9F%B4%EC%8B%9C%ED%8B%B0%EC%A0%90%20%EB%B0%98%ED%8F%AC%EB%8F%99
220,쥬에,한남동,Chinese,02-798-9700,HIGH,1780504793,쥬에,서울 용산구 독서당로 124-7 쥬에,02-798-9700,중식당,https://m.place.naver.com/restaurant/1780504793/home,https://m.search.naver.com/search.naver?query=%EC%A5%AC%EC%97%90%20%ED%95%9C%EB%82%A8%EB%8F%99
221,수녹,압구정동,Chinese,0507-1454-3473,HIGH,1289087988,중식당 수녹,서울 강남구 도산대로 317 호림아트센터 지하M층 2호,0507-1454-3473,중식당,https://m.place.naver.com/restaurant/1289087988/home,https://m.search.naver.com/search.naver?query=%EC%88%98%EB%85%B9%20%EC%95%95%EA%B5%AC%EC%A0%95%EB%8F%99
222,청담레드하우스,청담동,Chinese,02-515-5333,NO_MATCH,,,,,,,https://m.search.naver.com/search.naver?query=%EC%B2%AD%EB%8B%B4%EB%A0%88%EB%93%9C%ED%95%98%EC%9A%B0%EC%8A%A4%20%EC%B2%AD%EB%8B%B4%EB%8F%99
223,덕후선생 광화문D타워점,광화문,Chinese,02-2251-8422,NO_MATCH,,,,,,,https://m.search.naver.com/search.naver?query=%EB%8D%95%ED%9B%84%EC%84%A0%EC%83%9D%20%EA%B4%91%ED%99%94%EB%AC%B8D%ED%83%80%EC%9B%8C%EC%A0%90%20%EA%B4%91%ED%99%94%EB%AC%B8
224,덕후선생 판교점,판교,Chinese,031-605-5252,HIGH,1761867117,덕후선생 아브뉴프랑 판교점,경기 성남시 분당구 동판교로177번길 25 아브뉴프랑 2층,031-605-5252,중식당,https://m.place.naver.com/restaurant/1761867117/home,https://m.search.naver.com/search.naver?query=%EB%8D%95%ED%9B%84%EC%84%A0%EC%83%9D%20%ED%8C%90%EA%B5%90%EC%A0%90%20%ED%8C%90%EA%B5%90
225,팀호완 삼성점,삼성동,Chinese,02-6207-3082,HIGH,1209180080,팀호완 삼성점,서울 강남구 봉은사로86길 30 1층,0507-1374-3082,"딤섬,중식만두",https://m.place.naver.com/restaurant/1209180080/home,https://m.search.naver.com/search.naver?query=%ED%8C%80%ED%98%B8%EC%99%84%20%EC%82%BC%EC%84%B1%EC%A0%90%20%EC%82%BC%EC%84%B1%EB%8F%99
226,쮸즈,신사동,Chinese,02-6081-9888,HIGH,34786487,쮸즈,서울 강남구 도산대로17길 13,02-6081-9888,중식당,https://m.place.naver.com/restaurant/34786487/home,https://m.search.naver.com/search.naver?query=%EC%AE%B8%EC%A6%88%20%EC%8B%A0%EC%82%AC%EB%8F%99
227,레드문 한남,한남동,Chinese,070-8865-3112,HIGH,1711951701,레드문,서울 용산구 한남대로20길 41-4 지하 1층,0507-1427-3117,중식당,https://m.place.naver.com/restaurant/1711951701/home,https://m.search.naver.com/search.naver?query=%EB%A0%88%EB%93%9C%EB%AC%B8%20%ED%95%9C%EB%82%A8%20%ED%95%9C%EB%82%A8%EB%8F%99
228,모트32,반포동,Chinese,02-6282-0320,HIGH,1389562845,MOTT 32 SEOUL,서울 서초구 신반포로 176 2F,02-6282-0320,중식당,https://m.place.naver.com/restaurant/1389562845/home,https://m.search.naver.com/search.naver?query=%EB%AA%A8%ED%8A%B832%20%EB%B0%98%ED%8F%AC%EB%8F%99
229,가담,압구정동,Chinese,02-545-5163,HIGH,32260073,가담,서울 강남구 언주로167길 35,02-545-5163,중식당,https://m.place.naver.com/restaurant/32260073/home,https://m.search.naver.com/search.naver?query=%EA%B0%80%EB%8B%B4%20%EC%95%95%EA%B5%AC%EC%A0%95%EB%8F%99
230,보보식당,신사동,Chinese,02-6953-7436,HIGH,1901891528,보보식당 압구정,서울 강남구 언주로174길 30 로빈명품관 1층 103호,0507-1346-7436,중식당,https://m.place.naver.com/restaurant/1901891528/home,https://m.search.naver.com/search.naver?query=%EB%B3%B4%EB%B3%B4%EC%8B%9D%EB%8B%B9%20%EC%8B%A0%EC%82%AC%EB%8F%99
231,하카,압구정동,Chinese,02-3443-0811,MEDIUM,1330736327,하카,서울 강남구 도산대로49길 6-10 1층,0507-1404-9522,중식당,,https://m.search.naver.com/search.naver?query=%ED%95%98%EC%B9%B4%20%EC%95%95%EA%B5%AC%EC%A0%95%EB%8F%99
232,홍명,논현동,Chinese,02-548-2223,HIGH,18505540,홍명,서울 강남구 논현로131길 10 미현빌딩 1층 홍명,02-548-2223,중식당,https://m.place.naver.com/restaurant/18505540/home,https://m.search.naver.com/search.naver?query=%ED%99%8D%EB%AA%85%20%EB%85%BC%ED%98%84%EB%8F%99
233,홍보각,역삼동,Chinese,0507-1381-6479,HIGH,1151061731,홍보각,서울 강남구 봉은사로 130 노보텔 앰배서더 강남 LL층,0507-1381-6479,중식당,https://m.place.naver.com/restaurant/1151061731/home,https://m.search.naver.com/search.naver?query=%ED%99%8D%EB%B3%B4%EA%B0%81%20%EC%97%AD%EC%82%BC%EB%8F%99
234,제제,성수동,Chinese,0507-1329-7000,HIGH,1110196289,제제,서울 성동구 서울숲길 46-1 1층,0507-1329-7000,중식당,https://m.place.naver.com/restaurant/1110196289/home,https://m.search.naver.com/search.naver?query=%EC%A0%9C%EC%A0%9C%20%EC%84%B1%EC%88%98%EB%8F%99
235,진진,합정동,Chinese,0507-1447-8879,HIGH,36202928,진진,서울 마포구 월드컵북로1길 60 1층 진진,0507-1447-8879,중식당,https://m.place.naver.com/restaurant/36202928/home,https://m.search.naver.com/search.naver?query=%EC%A7%84%EC%A7%84%20%ED%95%A9%EC%A0%95%EB%8F%99
236,청 한남점,한남동,Chinese,02-720-3396,HIGH,1392821362,어물전 청 한남점,서울 용산구 한남대로 104 2층,0507-1355-7253,한식,https://m.place.naver.com/restaurant/1392821362/home,https://m.search.naver.com/search.naver?query=%EC%B2%AD%20%ED%95%9C%EB%82%A8%EC%A0%90%20%ED%95%9C%EB%82%A8%EB%8F%99
237,성덕,청담동,Chinese,02-511-0666,HIGH,1860926532,성덕,서울 강남구 도산대로85길 18 성영파크빌라 1층 101호,0507-1393-0666,"딤섬,중식만두",https://m.place.naver.com/restaurant/1860926532/home,https://m.search.naver.com/search.naver?query=%EC%84%B1%EB%8D%95%20%EC%B2%AD%EB%8B%B4%EB%8F%99
238,홍연,소공동,Chinese,02-317-0494,HIGH,21193546,웨스틴 조선 서울 홍연,서울 중구 소공로 106 LL층,02-317-0494,중식당,https://m.place.naver.com/restaurant/21193546/home,https://m.search.naver.com/search.naver?query=%ED%99%8D%EC%97%B0%20%EC%86%8C%EA%B3%B5%EB%8F%99
239,팔선,장충동,Chinese,02-2230-3366,HIGH,11715702,서울신라호텔 팔선,서울 중구 동호로 249 서울신라호텔 2층,02-2230-3366,중식당,https://m.place.naver.com/restaurant/11715702/home,https://m.search.naver.com/search.naver?query=%ED%8C%94%EC%84%A0%20%EC%9E%A5%EC%B6%A9%EB%8F%99
240,하오빈(호빈),장충동,Chinese,02-2270-3141,NO_MATCH,,,,,,,https://m.search.naver.com/search.naver?query=%ED%95%98%EC%98%A4%EB%B9%88%20%EC%9E%A5%EC%B6%A9%EB%8F%99
241,웨이루,삼성동,Chinese,02-559-7620,HIGH,37909792,그랜드 인터컨티넨탈 서울 파르나스 웨이루,서울 강남구 테헤란로 521 그랜드 인터컨티넨탈 서울 파르나스 34층,02-559-7620,중식당,https://m.place.naver.com/restaurant/37909792/home,https://m.search.naver.com/search.naver?query=%EC%9B%A8%EC%9D%B4%EB%A3%A8%20%EC%82%BC%EC%84%B1%EB%8F%99
242,유유안,광화문,Chinese,02-6388-5500,HIGH,37402390,포시즌스 호텔 서울 유유안,서울 종로구 새문안로 97 11층,02-6388-5500,중식당,https://m.place.naver.com/restaurant/37402390/home,https://m.search.naver.com/search.naver?query=%EC%9C%A0%EC%9C%A0%EC%95%88%20%EA%B4%91%ED%99%94%EB%AC%B8
243,회빈,논현동,Chinese,02-3468-1888,HIGH,2007233854,회빈,서울 강남구 봉은사로 156 마티네 차움 호텔 17층,02-3468-1888,중식당,https://m.place.naver.com/restaurant/2007233854/home,https://m.search.naver.com/search.naver?query=%ED%9A%8C%EB%B9%88%20%EB%85%BC%ED%98%84%EB%8F%99
246,인디카,한남동,Indian,02-796-3918,HIGH,1496967811,INDICA,서울 용산구 한남대로20길 47-24 지하1층,02-796-3918,인도음식,https://m.place.naver.com/restaurant/1496967811/home,https://m.search.naver.com/search.naver?query=%EC%9D%B8%EB%94%94%EC%B9%B4%20%ED%95%9C%EB%82%A8%EB%8F%99
248,마나오,한남동,Thai,0507-1368-0346,HIGH,1096820385,마나오,서울 용산구 한남대로21길 18 2층,0507-1368-0346,태국음식,https://m.place.naver.com/restaurant/1096820385/home,https://m.search.naver.com/search.naver?query=%EB%A7%88%EB%82%98%EC%98%A4%20%ED%95%9C%EB%82%A8%EB%8F%99
250,테이블포포,한남동,Fine Dining,010-2533-6832,HIGH,20561198,테이블포포,"서울 용산구 대사관로31길 25-12 5층, 테이블포포",0507-1365-6832,이탈리아음식,https://m.place.naver.com/restaurant/20561198/home,https://m.search.naver.com/search.naver?query=%ED%85%8C%EC%9D%B4%EB%B8%94%ED%8F%AC%ED%8F%AC%20%ED%95%9C%EB%82%A8%EB%8F%99
